{
  "hi": 559,
  "ak": 230,
  "fl": 574,
  "nh": 342,
  "mi": 644,
  "vt": 441,
  "me": 340,
  "ri": 465,
  "ny": 468,
  "pa": 948,
  "nj": 383,
  "de": 193,
  "md": 125,
  "va": 595,
  "wv": 621,
  "oh": 903,
  "in": 539,
  "il": 536,
  "ct": 286,
  "wi": 653,
  "nc": 565,
  "dc": 326,
  "ma": 421,
  "tn": 385,
  "ar": 781,
  "mo": 289,
  "ga": 541,
  "sc": 816,
  "ky": 333,
  "al": 162,
  "la": 521,
  "ms": 657,
  "ia": 525,
  "mn": 949,
  "ok": 361,
  "tx": 377,
  "nm": 166,
  "ks": 924,
  "ne": 831,
  "sd": 165,
  "nd": 718,
  "wy": 710,
  "mt": 638,
  "co": 634,
  "id": 704,
  "ut": 513,
  "az": 711,
  "nv": 738,
  "or": 220,
  "wa": 509,
  "ca": 605
}
